Flowcell,Lane,Barcode,DNASample,LibraryPrepID,FullSampleName
B08AAABXX,2,CGCGGAGA,BLANK:B08AAABXX:2:250012566,250012566,BLANK.1.DC1
B08AAABXX,2,TTCCTGGA,BLANK:B08AAABXX:2:250012572,250012572,BLANK.2.DC1
B08AAABXX,2,CTCC,1-AB10IR:B08AAABXX:2:250012477,250012477,W23_AB10-I.1.DC1
B08AAABXX,2,GAGATA,10*AB10IR:B08AAABXX:2:250012495,250012495,W23_AB10-I.2.DC1
B08AAABXX,2,AGGC,10*AB10IR:B08AAABXX:2:250012525,250012525,W23_AB10-I.3.DC1
B08AAABXX,2,TCGTT,11*AB10IR:B08AAABXX:2:250012537,250012537,W23_AB10-I.4.DC1
B08AAABXX,2,TGGCTA,12*AB10IR:B08AAABXX:2:250012549,250012549,W23_AB10-I.5.DC1
B08AAABXX,2,TGCTGGA,13*AB10IR:B08AAABXX:2:250012561,250012561,W23_AB10-I.6.DC1
B08AAABXX,2,ACGACTAC,13AB10IR:B08AAABXX:2:250012507,250012507,W23_AB10-I.7.DC1
B08AAABXX,2,TCAC,14*AB10IR:B08AAABXX:2:250012527,250012527,W23_AB10-I.8.DC1
B08AAABXX,2,TGCA,14AB20IR:B08AAABXX:2:250012478,250012478,W23_AB10-I.9.DC1
B08AAABXX,2,ATATGT,15*AB10IR:B08AAABXX:2:250012539,250012539,W23_AB10-I.10.DC1
B08AAABXX,2,GATC,16AB10IR:B08AAABXX:2:250012526,250012526,W23_AB10-I.11.DC1
B08AAABXX,2,ATTAATT,16AB10IR:B08AAABXX:2:250012551,250012551,W23_AB10-I.12.DC1
B08AAABXX,2,ACCTAA,17*AB10IR:B08AAABXX:2:250012538,250012538,W23_AB10-I.13.DC1
B08AAABXX,2,ACAGGGAA,17AB10IR:B08AAABXX:2:250012563,250012563,W23_AB10-I.14.DC1
B08AAABXX,2,CAGA,18AB10IR:B08AAABXX:2:250012515,250012515,W23_AB10-I.15.DC1
B08AAABXX,2,CTGTA,19AB10IR:B08AAABXX:2:250012488,250012488,W23_AB10-I.16.DC1
B08AAABXX,2,CCATGGGT,2*AB10IR:B08AAABXX:2:250012565,250012565,W23_AB10-I.17.DC1
B08AAABXX,2,ATGCCT,21AB10IR:B08AAABXX:2:250012496,250012496,W23_AB10-I.18.DC1
B08AAABXX,2,GGTGT,22*AB10IR:B08AAABXX:2:250012523,250012523,W23_AB10-I.19.DC1
B08AAABXX,2,AGGAT,23AB10IR:B08AAABXX:2:250012528,250012528,W23_AB10-I.20.DC1
B08AAABXX,2,ATTGGAT,24*AB10IR:B08AAABXX:2:250012552,250012552,W23_AB10-I.21.DC1
B08AAABXX,2,ACGTGGTA,25AB10IR:B08AAABXX:2:250012564,250012564,W23_AB10-I.22.DC1
B08AAABXX,2,AACT,26AB10IR:B08AAABXX:2:250012516,250012516,W23_AB10-I.23.DC1
B08AAABXX,2,ACCGT,27AB10IR:B08AAABXX:2:250012519,250012519,W23_AB10-I.24.DC1
B08AAABXX,2,TATTTTT,28AB10IR:B08AAABXX:2:250012497,250012497,W23_AB10-I.25.DC1
B08AAABXX,2,AGCCC,3*R-AB10I:B08AAABXX:2:250012486,250012486,W23_AB10-I.26.DC1
B08AAABXX,2,TAGCATGC,30*AB10IR:B08AAABXX:2:250012508,250012508,W23_AB10-I.27.DC1
B08AAABXX,2,ATCGTA,33AB10IR:B08AAABXX:2:250012540,250012540,W23_AB10-I.28.DC1
B08AAABXX,2,CATCGT,3AB10IR:B08AAABXX:2:250012541,250012541,W23_AB10-I.29.DC1
B08AAABXX,2,TTCTC,4*AB10IR:B08AAABXX:2:250012485,250012485,W23_AB10-I.30.DC1
B08AAABXX,2,CATAAGT,5*AB10IR:B08AAABXX:2:250012553,250012553,W23_AB10-I.31.DC1
B08AAABXX,2,CTTCCA,6*AB10IR:B08AAABXX:2:250012494,250012494,W23_AB10-I.32.DC1
B08AAABXX,2,ACGTGTT,6AB10IR:B08AAABXX:2:250012550,250012550,W23_AB10-I.33.DC1
B08AAABXX,2,GCTTA,6I.AB10IR:B08AAABXX:2:250012522,250012522,W23_AB10-I.34.DC1
B08AAABXX,2,AATATGC,7*AB10IR:B08AAABXX:2:250012506,250012506,W23_AB10-I.35.DC1
B08AAABXX,2,ATTGA,7*AB10IR:B08AAABXX:2:250012529,250012529,W23_AB10-I.36.DC1
B08AAABXX,2,AACCGAGA,7AB10IR:B08AAABXX:2:250012562,250012562,W23_AB10-I.37.DC1
B08AAABXX,2,ACTA,8AB10IR:B08AAABXX:2:250012479,250012479,W23_AB10-I.38.DC1
B08AAABXX,2,GCGT,8IAB10IR:B08AAABXX:2:250012480,250012480,W23_AB10-I.39.DC1
B08AAABXX,2,AACGCCT,9*AB10IR:B08AAABXX:2:250012505,250012505,W23_AB10-I.40.DC1
B08AAABXX,2,GTATT,9AB10IR:B08AAABXX:2:250012487,250012487,W23_AB10-I.41.DC1
B08AAABXX,2,GAGGA,10*AB10IIR:B08AAABXX:2:250012532,250012532,W23_AB10-II.1.DC1
B08AAABXX,2,CGCCTTAT,11AB10IIR:B08AAABXX:2:250012514,250012514,W23_AB10-II.2.DC1
B08AAABXX,2,TACAT,12AB10IIR:B08AAABXX:2:250012536,250012536,W23_AB10-II.3.DC1
B08AAABXX,2,GCTGTGGA,13AB10IIR:B08AAABXX:2:250012568,250012568,W23_AB10-II.4.DC1
B08AAABXX,2,TAACGA,14*AB10IIR:B08AAABXX:2:250012548,250012548,W23_AB10-II.5.DC1
B08AAABXX,2,GAATTCA,15*AB10IIR:B08AAABXX:2:250012501,250012501,W23_AB10-II.6.DC1
B08AAABXX,2,GGAAC,16*AB10IIR:B08AAABXX:2:250012533,250012533,W23_AB10-II.7.DC1
B08AAABXX,2,GGAAGA,17AB10IIR:B08AAABXX:2:250012545,250012545,W23_AB10-II.8.DC1
B08AAABXX,2,GCGGAAT,18AB10IIR:B08AAABXX:2:250012557,250012557,W23_AB10-II.9.DC1
B08AAABXX,2,GGATTGGT,20*AB10IIR:B08AAABXX:2:250012569,250012569,W23_AB10-II.10.DC1
B08AAABXX,2,TCACC,21AB10IIR:B08AAABXX:2:250012482,250012482,W23_AB10-II.11.DC1
B08AAABXX,2,TAGGAA,22AB10IIR:B08AAABXX:2:250012491,250012491,W23_AB10-II.12.DC1
B08AAABXX,2,GAACTTC,23AB10IIR:B08AAABXX:2:250012502,250012502,W23_AB10-II.13.DC1
B08AAABXX,2,TCTCAGTC,24*AB10IIR:B08AAABXX:2:250012512,250012512,W23_AB10-II.14.DC1
B08AAABXX,2,GTCAA,25*AB10IIR:B08AAABXX:2:250012534,250012534,W23_AB10-II.15.DC1
B08AAABXX,2,GTACTT,26AB10IIR:B08AAABXX:2:250012546,250012546,W23_AB10-II.16.DC1
B08AAABXX,2,TAGCGGA,27AB10IIR:B08AAABXX:2:250012558,250012558,W23_AB10-II.17.DC1
B08AAABXX,2,GTGAGGGT,28AB10IIR:B08AAABXX:2:250012570,250012570,W23_AB10-II.18.DC1
B08AAABXX,2,CTAGC,29*AB10IIR:B08AAABXX:2:250012483,250012483,W23_AB10-II.19.DC1
B08AAABXX,2,TAGGCCAT,2AB10IIR:B08AAABXX:2:250012509,250012509,W23_AB10-II.20.DC1
B08AAABXX,2,GCTCTA,30AB10IIR:B08AAABXX:2:250012492,250012492,W23_AB10-II.21.DC1
B08AAABXX,2,GGACCTA,31AB10IIR:B08AAABXX:2:250012503,250012503,W23_AB10-II.22.DC1
B08AAABXX,2,CCGGATAT,32*AB10IIR:B08AAABXX:2:250012513,250012513,W23_AB10-II.23.DC1
B08AAABXX,2,GTTGAA,35*AB10IIR:B08AAABXX:2:250012547,250012547,W23_AB10-II.24.DC1
B08AAABXX,2,TAATA,35AB10IIR:B08AAABXX:2:250012535,250012535,W23_AB10-II.25.DC1
B08AAABXX,2,TCGAAGA,36AB10IIR:B08AAABXX:2:250012559,250012559,W23_AB10-II.26.DC1
B08AAABXX,2,TATCGGGA,37*AB10IIR:B08AAABXX:2:250012571,250012571,W23_AB10-II.27.DC1
B08AAABXX,2,ACAAA,38*AB10IIR:B08AAABXX:2:250012484,250012484,W23_AB10-II.28.DC1
B08AAABXX,2,CCTAC,3AB10IIR:B08AAABXX:2:250012531,250012531,W23_AB10-II.29.DC1
B08AAABXX,2,CCACAA,4*AB10IIR:B08AAABXX:2:250012493,250012493,W23_AB10-II.30.DC1
B08AAABXX,2,CTATTA,4AB10IIR:B08AAABXX:2:250012543,250012543,W23_AB10-II.31.DC1
B08AAABXX,2,CGGTAGA,5AB10IIR:B08AAABXX:2:250012555,250012555,W23_AB10-II.32.DC1
B08AAABXX,2,GTCGATT,6*AB10IIR:B08AAABXX:2:250012504,250012504,W23_AB10-II.33.DC1
B08AAABXX,2,CGAT,7AB10IIR:B08AAABXX:2:250012481,250012481,W23_AB10-II.34.DC1
B08AAABXX,2,CCAGCT,8*AB10IIR:B08AAABXX:2:250012489,250012489,W23_AB10-II.35.DC1
B08AAABXX,2,TGCAAGGA,9*AB10IIR:B08AAABXX:2:250012510,250012510,W23_AB10-II.36.DC1
B08AAABXX,2,AAAAGTT,9AB10IIR:B08AAABXX:2:250012500,250012500,W23_AB10-II.37.DC1
B08AAABXX,2,TGCGA,1*AB10IIr:B08AAABXX:2:250012517,250012517,W23_N10.1.DC1
B08AAABXX,2,GTAA,10AB10Ir:B08AAABXX:2:250012520,250012520,W23_N10.2.DC1
B08AAABXX,2,GCCAGT,11AB10IIr:B08AAABXX:2:250012544,250012544,W23_N10.3.DC1
B08AAABXX,2,CTACGGA,12*AB10IIr:B08AAABXX:2:250012556,250012556,W23_N10.4.DC1
B08AAABXX,2,CGCTT,13*AB10IIr:B08AAABXX:2:250012518,250012518,W23_N10.5.DC1
B08AAABXX,2,TTCAGA,14AB10IIr:B08AAABXX:2:250012490,250012490,W23_N10.6.DC1
B08AAABXX,2,TGGTACGT,15*AB10IIr:B08AAABXX:2:250012511,250012511,W23_N10.7.DC1
B08AAABXX,2,CTTGCTT,1AB10Ir:B08AAABXX:2:250012498,250012498,W23_N10.8.DC1
B08AAABXX,2,ATGAAAC,2AB10IIr:B08AAABXX:2:250012499,250012499,W23_N10.9.DC1
B08AAABXX,2,AGTGGA,2AB10Ir:B08AAABXX:2:250012524,250012524,W23_N10.10.DC1
B08AAABXX,2,TCTGTGA,38W23:B08AAABXX:2:250012560,250012560,W23_N10.11.DC1
B08AAABXX,2,CATCT,3AB10Ir:B08AAABXX:2:250012530,250012530,W23_N10.12.DC1
B08AAABXX,2,CGCTGAT,40W23:B08AAABXX:2:250012554,250012554,W23_N10.13.DC1
B08AAABXX,2,CGTGTGGT,5AB10IIr:B08AAABXX:2:250012567,250012567,W23_N10.14.DC1
B08AAABXX,2,CGCGGT,5AB10Ir:B08AAABXX:2:250012542,250012542,W23_N10.15.DC1
B08AAABXX,2,GGTTGT,8AB10IIr:B08AAABXX:2:250012521,250012521,W23_N10.16.DC1
HFVKKDSX5,3,TTCCTGGA,BLANK,1,BLANK.1.DC2
HFVKKDSX5,3,ATTAATT,MB164.14,1,FFMM_Ab10-I_hom.1.DC2
HFVKKDSX5,3,ATTGGAT,MB164.17,1,FFMM_Ab10-I_hom.2.DC2
HFVKKDSX5,3,ACGTGTT,MB164.3,1,FFMM_Ab10-I_hom.3.DC2
HFVKKDSX5,3,CTCC,MB165.1,1,Ab10-I-Jal_het.1.DC2
HFVKKDSX5,3,TGCA,MB165.2,1,Ab10-I-Jal_het.2.DC2
HFVKKDSX5,3,ACTA,MB165.3,1,Ab10-I-Jal_het.3.DC2
HFVKKDSX5,3,CAGA,MB165.4,1,Ab10-I-Jal_het.4.DC2
HFVKKDSX5,3,AACT,MB165.5,1,Ab10-I-Jal_het.5.DC2
HFVKKDSX5,3,GCGT,MB166.1,1,Ab10-I-MMR_het.1.DC2
HFVKKDSX5,3,TGCGA,MB166.2,1,Ab10-I-MMR_het.2.DC2
HFVKKDSX5,3,CGAT,MB166.3,1,Ab10-I-MMR_het.3.DC2
HFVKKDSX5,3,CGCTT,MB166.4,1,Ab10-I-MMR_het.4.DC2
HFVKKDSX5,3,TCACC,MB166.5,1,Ab10-I-MMR_het.5.DC2
HFVKKDSX5,3,CTAGC,MB167.1,1,Ab10-II-Tel_het.1.DC2
HFVKKDSX5,3,ACAAA,MB167.2,1,Ab10-II-Tel_het.2.DC2
HFVKKDSX5,3,TTCTC,MB167.3,1,Ab10-II-Tel_het.3.DC2
HFVKKDSX5,3,AGCCC,MB167.4,1,Ab10-II-Tel_het.4.DC2
HFVKKDSX5,3,GTATT,MB167.5,1,Ab10-II-Tel_het.5.DC2
HFVKKDSX5,3,CTGTA,MB168.1,1,Ab10-II-MMR_het.1.DC2
HFVKKDSX5,3,ACCGT,MB168.2,1,Ab10-II-MMR_het.2.DC2
HFVKKDSX5,3,GTAA,MB168.3,1,Ab10-II-MMR_het.3.DC2
HFVKKDSX5,3,GGTTGT,MB168.4,1,Ab10-II-MMR_het.4.DC2
HFVKKDSX5,3,CCAGCT,MB168.5,1,Ab10-II-MMR_het.5.DC2
HFVKKDSX5,3,TTCAGA,MB169.1,1,Ab10-II-Sal_het.1.DC2
HFVKKDSX5,3,TAGGAA,MB169.2,1,Ab10-II-Sal_het.2.DC2
HFVKKDSX5,3,GCTCTA,MB169.3,1,Ab10-II-Sal_het.3.DC2
HFVKKDSX5,3,CCACAA,MB169.4,1,Ab10-II-Sal_het.4.DC2
HFVKKDSX5,3,GCTTA,MB169.5,1,Ab10-II-Sal_het.5.DC2
HFVKKDSX5,3,CTTCCA,MB170.1,1,Ab10-III-Cag_het.1.DC2
HFVKKDSX5,3,GAGATA,MB170.2,1,Ab10-III-Cag_het.2.DC2
HFVKKDSX5,3,ATGCCT,MB170.3,1,Ab10-III-Cag_het.3.DC2
HFVKKDSX5,3,TATTTTT,MB170.4,1,Ab10-III-Cag_het.4.DC2
HFVKKDSX5,3,CTTGCTT,MB170.5,1,Ab10-III-Cag_het.5.DC2
HFVKKDSX5,3,ATGAAAC,MB171.1,1,Ab10-III-Hui_het.1.DC2
HFVKKDSX5,3,AAAAGTT,MB171.2,1,Ab10-III-Hui_het.2.DC2
HFVKKDSX5,3,GAATTCA,MB171.3,1,Ab10-III-Hui_het.3.DC2
HFVKKDSX5,3,GAACTTC,MB171.4,1,Ab10-III-Hui_het.4.DC2
HFVKKDSX5,3,GGACCTA,MB171.5,1,Ab10-III-Hui_het.5.DC2
HFVKKDSX5,3,GTCGATT,MB172.1,1,Ab10-III-Gva_het.1.DC2
HFVKKDSX5,3,AACGCCT,MB172.2,1,Ab10-III-Gva_het.2.DC2
HFVKKDSX5,3,AATATGC,MB172.3,1,Ab10-III-Gva_het.3.DC2
HFVKKDSX5,3,ACGACTAC,MB172.4,1,Ab10-III-Gva_het.4.DC2
HFVKKDSX5,3,GGTGT,MB172.5,1,Ab10-III-Gva_het.5.DC2
HFVKKDSX5,3,TAGCATGC,MB173.1,1,Ab10-III-Oax_het.1.DC2
HFVKKDSX5,3,AGTGGA,MB173.2,1,Ab10-III-Oax_het.2.DC2
HFVKKDSX5,3,TAGGCCAT,MB173.3,1,Ab10-III-Oax_het.3.DC2
HFVKKDSX5,3,TGCAAGGA,MB173.4,1,Ab10-III-Oax_het.4.DC2
HFVKKDSX5,3,TGGTACGT,MB173.5,1,Ab10-III-Oax_het.5.DC2
HFVKKDSX5,3,TCTCAGTC,MB174.1,1,W23_N10.1.DC2
HFVKKDSX5,3,CCGGATAT,MB174.2,1,W23_N10.2.DC2
HFVKKDSX5,3,CGCCTTAT,MB174.3,1,W23_N10.3.DC2
HFVKKDSX5,3,AGGC,MB175.1,1,B73_K10L2.1.DC2
HFVKKDSX5,3,GGAAC,MB175.10,1,B73_K10L2.2.DC2
HFVKKDSX5,3,GTCAA,MB175.12,1,B73_K10L2.3.DC2
HFVKKDSX5,3,TAATA,MB175.13,1,B73_K10L2.4.DC2
HFVKKDSX5,3,GATC,MB175.2,1,B73_K10L2.5.DC2
HFVKKDSX5,3,TCAC,MB175.3,1,B73_K10L2.6.DC2
HFVKKDSX5,3,AGGAT,MB175.5,1,B73_K10L2.7.DC2
HFVKKDSX5,3,ATTGA,MB175.6,1,B73_K10L2.8.DC2
HFVKKDSX5,3,CATCT,MB175.7,1,B73_K10L2.9.DC2
HFVKKDSX5,3,CCTAC,MB175.8,1,B73_K10L2.10.DC2
HFVKKDSX5,3,GAGGA,MB175.9,1,B73_K10L2.11.DC2
HFVKKDSX5,3,TCGTT,MB176.11,1,B73_N10.1.DC2
HFVKKDSX5,3,ACCTAA,MB176.14,1,B73_N10.2.DC2
HFVKKDSX5,3,TACAT,MB176.4,1,B73_N10.3.DC2
HFVKKDSX5,3,CATCGT,MB179.10,1,B542C_L289_B-Chrom.1.DC2
HFVKKDSX5,3,CGCGGT,MB179.14,1,B542C_L289_B-Chrom.2.DC2
HFVKKDSX5,3,ATATGT,MB179.4,1,B542C_L289_B-Chrom.3.DC2
HFVKKDSX5,3,ATCGTA,MB179.6,1,B542C_L289_B-Chrom.4.DC2
HFVKKDSX5,3,CTATTA,MB180.1,1,B542C_L289.1.DC2
HFVKKDSX5,3,GCCAGT,MB180.2,1,B542C_L289.2.DC2
HFVKKDSX5,3,GGAAGA,MB180.3,1,B542C_L289.3.DC2
HFVKKDSX5,3,GTACTT,MB181.1,1,FFMM_B-Chrom.1.DC2
HFVKKDSX5,3,GTTGAA,MB181.2,1,FFMM_B-Chrom.2.DC2
HFVKKDSX5,3,TAACGA,MB181.3,1,FFMM_B-Chrom.3.DC2
HFVKKDSX5,3,TGGCTA,MB181.4,1,FFMM_B-Chrom.4.DC2
HFVKKDSX5,3,CATAAGT,MB182.1,1,FFMM.1.DC2
HFVKKDSX5,3,CGCTGAT,MB182.2,1,FFMM.2.DC2
HFVKKDSX5,3,CGGTAGA,MB182.3,1,FFMM.3.DC2
HFVKKDSX5,3,CTACGGA,MB183.1,1,NSL-2833_B-Chrom.1.DC2
HFVKKDSX5,3,GCGGAAT,MB183.2,1,NSL-2833_B-Chrom.2.DC2
HFVKKDSX5,3,TAGCGGA,MB183.3,1,NSL-2833_B-Chrom.3.DC2
HFVKKDSX5,3,TCGAAGA,MB184.2,1,NSL-2843_B-Chrom.1.DC2
HFVKKDSX5,3,TCTGTGA,MB186.1,1,PI-217409.1.DC2
HFVKKDSX5,3,TGCTGGA,MB186.2,1,PI-217409.2.DC2
HFVKKDSX5,3,AACCGAGA,MB186.3,1,PI-217409.3.DC2
HFVKKDSX5,3,ACAGGGAA,MB188.1,1,PI-444954.1.DC2
HFVKKDSX5,3,ACGTGGTA,MB188.2,1,PI-444954.2.DC2
HFVKKDSX5,3,CCATGGGT,MB188.3,1,PI-444954.3.DC2
HFVKKDSX5,3,CGCGGAGA,MB189.3,1,PI-483314_K10L2.1.DC2
HFVKKDSX5,3,CGTGTGGT,MB189.5,1,PI-483314_K10L2.2.DC2
HFVKKDSX5,3,GCTGTGGA,MB189.9,1,PI-483314_K10L2.3.DC2
HFVKKDSX5,3,GGATTGGT,MB190.1,1,PI-490921_B-Chrom.1.DC2
HFVKKDSX5,3,GTGAGGGT,MB190.2,1,PI-490921_B-Chrom.2.DC2
HFVKKDSX5,3,TATCGGGA,MB190.4,1,PI-490921_B-Chrom.3.DC2