,seqnames,method,repeattype,start,end,something1,strand,dot,ID,Motif,Superfamily
438913,chr10,RepeatMasker,dispersed_repeat,150358541,150358584,4.5,+,.,ID=435806;Target,RIL_naefe_AC212820_0_LINE,L1
438914,chr10,RepeatMasker,dispersed_repeat,150360201,150360617,22.5,+,.,ID=435807;Target,egisu_AC206234_9137_LTR,Gypsy
438915,chr10,RepeatMasker,dispersed_repeat,150360609,150360836,16.9,+,.,ID=435808;Target,egisu_AC206234_9137_LTR,Gypsy
438916,chr10,RepeatMasker,dispersed_repeat,150361346,150361783,29.9,-,.,ID=435809;Target,wuwe_AC212122_11600_LTR,Gypsy
438917,chr10,RepeatMasker,dispersed_repeat,150361786,150361897,24.1,-,.,ID=435810;Target,ojam_AC198400_5989_LTR,Gypsy
438918,chr10,RepeatMasker,dispersed_repeat,150361894,150361979,24.1,+,.,ID=435811;Target,hiimam_AC207734_9687,LTR_unknown
438919,chr10,RepeatMasker,dispersed_repeat,150362102,150362153,7.7,-,.,ID=435812;Target,sofi_AC215261_13035_LTR,Copia
438920,chr10,RepeatMasker,dispersed_repeat,150362221,150362710,28.8,+,.,ID=435813;Target,RIX_leijoh_AC212369_0,LINE_unknown
438921,chr10,RepeatMasker,dispersed_repeat,150362822,150363306,35.3,+,.,ID=435814;Target,hiimam_AC207734_9687,LTR_unknown
438922,chr10,RepeatMasker,dispersed_repeat,150362823,150363414,35.5,+,.,ID=435815;Target,RIL_pyelum_AC203928_0_LINE,L1
438923,chr10,RepeatMasker,dispersed_repeat,150362965,150363417,32.8,+,.,ID=435816;Target,RIX_ekeje_AC197537_0,LINE_unknown
438924,chr10,RepeatMasker,dispersed_repeat,150363344,150363426,28.9,+,.,ID=435817;Target,RIX_edaej_AC215611_0,LINE_unknown
438925,chr10,RepeatMasker,dispersed_repeat,150363577,150363593,0,+,.,ID=435818;Target,(TTG)n,Simple Repeat
438926,chr10,RepeatMasker,dispersed_repeat,150363642,150363719,14.5,+,.,ID=435819;Target,RIL_ejoet_AC212216_0_LINE,L1
438927,chr10,RepeatMasker,dispersed_repeat,150363730,150364521,31.7,+,.,ID=435820;Target,RIL_nugimu_AC203843_0_LINE,L1
438928,chr10,RepeatMasker,dispersed_repeat,150364603,150365661,8.4,+,.,ID=435821;Target,anar_AC206985_9422_LTR,Copia
438929,chr10,RepeatMasker,dispersed_repeat,150365662,150365703,0,+,.,ID=435822;Target,(TA)n,Simple Repeat
438930,chr10,RepeatMasker,dispersed_repeat,150365704,150365750,8.4,+,.,ID=435821;Target,anar_AC206985_9422_LTR,Copia
438931,chr10,RepeatMasker,dispersed_repeat,150365758,150366417,28.2,-,.,ID=435823;Target,ojam_AC198400_5989_LTR,Gypsy
438932,chr10,RepeatMasker,dispersed_repeat,150366462,150366682,30.8,-,.,ID=435824;Target,olepo_AC212207_11645_LTR,Gypsy
438933,chr10,RepeatMasker,dispersed_repeat,150366465,150366643,26.4,-,.,ID=435825;Target,ojam_AC198400_5989_LTR,Gypsy
438934,chr10,RepeatMasker,dispersed_repeat,150366731,150366845,20.2,-,.,ID=435826;Target,RIL_afeda_AC208414_0_LINE,L1
438935,chr10,RepeatMasker,dispersed_repeat,150366732,150366808,16,-,.,ID=435827;Target,RIL_nugimu_AC203843_0_LINE,L1
438936,chr10,RepeatMasker,dispersed_repeat,150366917,150367378,34.5,-,.,ID=435828;Target,RIX_edaej_AC215611_0,LINE_unknown
438937,chr10,RepeatMasker,dispersed_repeat,150367003,150368553,33.9,-,.,ID=435829;Target,RIX_ekeje_AC197537_0,LINE_unknown
438938,chr10,RepeatMasker,dispersed_repeat,150369085,150369128,20.9,+,.,ID=435830;Target,(AAT)n,Simple Repeat
438939,chr10,RepeatMasker,dispersed_repeat,150369202,150369245,23.9,+,.,ID=435831;Target,(CA)n,Simple Repeat
438940,chr10,RepeatMasker,dispersed_repeat,150369374,150370148,28.2,-,.,ID=435832;Target,RIL_afeda_AC208414_0_LINE,L1
438941,chr10,RepeatMasker,dispersed_repeat,150369549,150370150,30.1,-,.,ID=435833;Target,RIL_jikeuf_AC211152_0_LINE,L1
438942,chr10,RepeatMasker,dispersed_repeat,150370169,150370455,27.3,-,.,ID=435834;Target,RIL_afeda_AC208414_0_LINE,L1
438943,chr10,RepeatMasker,dispersed_repeat,150370463,150371814,28,-,.,ID=435835;Target,RIL_afeda_AC208414_0_LINE,L1
438944,chr10,RepeatMasker,dispersed_repeat,150371805,150372259,30.2,-,.,ID=435836;Target,RIL_jikeuf_AC211152_0_LINE,L1
438945,chr10,RepeatMasker,dispersed_repeat,150372279,150372376,31.6,-,.,ID=435837;Target,uwub_AC195372_161,LTR_unknown
438946,chr10,RepeatMasker,dispersed_repeat,150372294,150372636,35.7,-,.,ID=435838;Target,RIL_pyelum_AC203928_0_LINE,L1
438947,chr10,RepeatMasker,dispersed_repeat,150372644,150372845,16.5,+,.,ID=435839;Target,DTA_ZM00096_consensus_DNA,DTA
438948,chr10,RepeatMasker,dispersed_repeat,150374012,150374835,36.6,-,.,ID=435840;Target,RIL_koajav_AC205853_0_LINE,L1
438949,chr10,RepeatMasker,dispersed_repeat,150374286,150374885,34.3,-,.,ID=435841;Target,RIL_nugimu_AC203843_0_LINE,L1
438950,chr10,RepeatMasker,dispersed_repeat,150374400,150374885,35.1,-,.,ID=435842;Target,RIL_ejoet_AC212216_0_LINE,L1
438951,chr10,RepeatMasker,dispersed_repeat,150374884,150374981,27.2,+,.,ID=435843;Target,RIL_afeda_AC208414_0_LINE,L1
438952,chr10,RepeatMasker,dispersed_repeat,150374890,150374976,17.6,+,.,ID=435844;Target,RIL_nugimu_AC203843_0_LINE,L1
438953,chr10,RepeatMasker,dispersed_repeat,150375156,150375323,32.7,-,.,ID=435845;Target,RIX_ekeje_AC197537_0,LINE_unknown
438954,chr10,RepeatMasker,dispersed_repeat,150375184,150376336,33.5,-,.,ID=435846;Target,RIL_pyelum_AC203928_0_LINE,L1
438955,chr10,RepeatMasker,dispersed_repeat,150376643,150376843,5.5,-,.,ID=435847;Target,DTH_ZM00280_consensus_MITE,DTH
438956,chr10,RepeatMasker,dispersed_repeat,150377810,150377963,35.7,-,.,ID=435848;Target,RIL_jikeuf_AC211152_0_LINE,L1
438957,chr10,RepeatMasker,dispersed_repeat,150377819,150378224,36.7,-,.,ID=435849;Target,RIL_afeda_AC208414_0_LINE,L1
438958,chr10,RepeatMasker,dispersed_repeat,150378073,150378223,35.8,-,.,ID=435850;Target,RIL_jikeuf_AC211152_0_LINE,L1
438959,chr10,RepeatMasker,dispersed_repeat,150378347,150378642,29.5,-,.,ID=435851;Target,RIL_afeda_AC208414_0_LINE,L1
438960,chr10,RepeatMasker,dispersed_repeat,150378467,150378637,31.6,-,.,ID=435852;Target,RIL_etiti_AC211734_0_LINE,L1
438961,chr10,RepeatMasker,dispersed_repeat,150378871,150378940,23.2,-,.,ID=435853;Target,RIX_edaej_AC215611_0,LINE_unknown
438962,chr10,RepeatMasker,dispersed_repeat,150379378,150379459,23.8,+,.,ID=435854;Target,(AAAT)n,Simple Repeat
438963,chr10,RepeatMasker,dispersed_repeat,150380304,150380441,15.7,+,.,ID=435855;Target,huck_AC208546_9913_LTR,Gypsy
438964,chr10,RepeatMasker,dispersed_repeat,150380442,150380818,3.5,-,.,ID=435856;Target,DTA_ZM00217_consensus_MITE,DTA
438965,chr10,RepeatMasker,dispersed_repeat,150380894,150381064,29.8,-,.,ID=435857;Target,bovo_AC197547_5647_LTR,Copia
438966,chr10,RepeatMasker,dispersed_repeat,150380921,150382364,29.2,-,.,ID=435858;Target,kameer_AC194009_3819_LTR,Copia
438967,chr10,RepeatMasker,dispersed_repeat,150381484,150382723,25.9,-,.,ID=435859;Target,totu_AC194464_4142_LTR,Copia
438968,chr10,RepeatMasker,dispersed_repeat,150382714,150383149,21.5,-,.,ID=435860;Target,totu_AC194464_4142_LTR,Copia
438969,chr10,RepeatMasker,dispersed_repeat,150383679,150385563,31.1,+,.,ID=435861;Target,tituer_AC196493_5158_LTR,Gypsy
438970,chr10,RepeatMasker,dispersed_repeat,150385633,150385699,19.4,-,.,ID=435862;Target,RIL_koajav_AC205853_0_LINE,L1
438971,chr10,RepeatMasker,dispersed_repeat,150385713,150385773,22.9,+,.,ID=435863;Target,apil_AC198662_6085_LTR,Gypsy
438972,chr10,RepeatMasker,dispersed_repeat,150385788,150385805,0,+,.,ID=435864;Target,(C)n,Simple Repeat
438973,chr10,RepeatMasker,dispersed_repeat,150385857,150386846,7.9,-,.,ID=435865;Target,RIL_koajav_AC205853_0_LINE,L1
438974,chr10,RepeatMasker,dispersed_repeat,150386847,150387476,8,-,.,ID=435866;Target,tuteh_AC183372_584,LTR_unknown
438975,chr10,RepeatMasker,dispersed_repeat,150387588,150388911,13.5,-,.,ID=435867;Target,RIX_ekeje_AC197537_0,LINE_unknown
438976,chr10,RepeatMasker,dispersed_repeat,150388910,150389005,21.1,-,.,ID=435868;Target,RIX_ekeje_AC197537_0,LINE_unknown
438977,chr10,RepeatMasker,dispersed_repeat,150389008,150389039,21.7,+,.,ID=435869;Target,(A)n,Simple Repeat
438978,chr10,RepeatMasker,dispersed_repeat,150389178,150389755,33.8,-,.,ID=435870;Target,RIL_pyelum_AC203928_0_LINE,L1
438979,chr10,RepeatMasker,dispersed_repeat,150389369,150389545,25.4,-,.,ID=435871;Target,RIL_nugimu_AC203843_0_LINE,L1
438980,chr10,RepeatMasker,dispersed_repeat,150389733,150390182,33.3,-,.,ID=435872;Target,RIX_leijoh_AC212369_0,LINE_unknown
438981,chr10,RepeatMasker,dispersed_repeat,150389856,150390278,33.2,-,.,ID=435873;Target,RIL_etiti_AC211734_0_LINE,L1
438982,chr10,RepeatMasker,dispersed_repeat,150389985,150390280,31.2,-,.,ID=435874;Target,RIX_edaej_AC215611_0,LINE_unknown
438983,chr10,RepeatMasker,dispersed_repeat,150390296,150390627,6,-,.,ID=435875;Target,RIL_koajav_AC205853_0_LINE,L1
438984,chr10,RepeatMasker,dispersed_repeat,150390741,150390764,4.7,+,.,ID=435876;Target,(CAG)n,Simple Repeat
438985,chr10,RepeatMasker,dispersed_repeat,150390812,150390889,14.6,+,.,ID=435877;Target,(CAG)n,Simple Repeat
438986,chr10,RepeatMasker,dispersed_repeat,150390815,150390900,21.1,+,.,ID=435878;Target,(AGCAGGC)n,Simple Repeat
438987,chr10,RepeatMasker,dispersed_repeat,150391478,150391726,18.6,-,.,ID=435879;Target,ebel_AC195143_4427_LTR,Copia
438988,chr10,RepeatMasker,dispersed_repeat,150391519,150391726,14.6,-,.,ID=435880;Target,kameer_AC194009_3819_LTR,Copia
438989,chr10,RepeatMasker,dispersed_repeat,150391723,150392019,25.4,+,.,ID=435881;Target,ebel_AC195143_4427_LTR,Copia
438990,chr10,RepeatMasker,dispersed_repeat,150392027,150393116,23.5,+,.,ID=435882;Target,ebel_AC210216_10670_LTR,Copia
438991,chr10,RepeatMasker,dispersed_repeat,150393120,150393600,28.5,+,.,ID=435883;Target,ebel_AC188777_2128_LTR,Copia
438992,chr10,RepeatMasker,dispersed_repeat,150393120,150393549,26.2,+,.,ID=435884;Target,kameer_AC194009_3819_LTR,Copia
438993,chr10,RepeatMasker,dispersed_repeat,150393120,150393348,20.5,+,.,ID=435885;Target,ebel_AC213044_12072_LTR,Copia
438994,chr10,RepeatMasker,dispersed_repeat,150393546,150393795,22.3,+,.,ID=435886;Target,ebel_AC195143_4427_LTR,Copia
438995,chr10,RepeatMasker,dispersed_repeat,150393587,150393795,19.1,+,.,ID=435887;Target,kameer_AC194009_3819_LTR,Copia
438996,chr10,RepeatMasker,dispersed_repeat,150393588,150393824,23.4,+,.,ID=435888;Target,ajipe_AC183372_580_LTR,Copia
438997,chr10,RepeatMasker,dispersed_repeat,150393871,150395812,26.5,+,.,ID=435889;Target,ebel_AC188777_2128_LTR,Copia
438998,chr10,RepeatMasker,dispersed_repeat,150394926,150397086,28.9,+,.,ID=435890;Target,totu_AC194464_4142_LTR,Copia
438999,chr10,RepeatMasker,dispersed_repeat,150395768,150397084,19.3,+,.,ID=435891;Target,ajipe_AC183372_580_LTR,Copia
439000,chr10,RepeatMasker,dispersed_repeat,150397081,150397438,14.4,+,.,ID=435892;Target,ajipe_AC183372_580_LTR,Copia
439001,chr10,RepeatMasker,dispersed_repeat,150397429,150397592,24.1,+,.,ID=435893;Target,ajipe_AC183372_580_LTR,Copia
439002,chr10,RepeatMasker,dispersed_repeat,150398115,150398314,20.3,-,.,ID=435894;Target,DTA_ZM00309_consensus_MITE,DTA
439003,chr10,RepeatMasker,dispersed_repeat,150398115,150398284,19.6,+,.,ID=435895;Target,DTA_ZM00233_consensus_DNA,DTA
439004,chr10,RepeatMasker,dispersed_repeat,150398232,150398475,21.4,+,.,ID=435896;Target,DTA_ZM00233_consensus_DNA,DTA
439005,chr10,RepeatMasker,dispersed_repeat,150398501,150399683,34.7,+,.,ID=435897;Target,RIL_koajav_AC205853_0_LINE,L1
439006,chr10,RepeatMasker,dispersed_repeat,150399677,150399718,14.3,+,.,ID=435898;Target,RIL_pyelum_AC203928_0_LINE,L1
439007,chr10,RepeatMasker,dispersed_repeat,150399683,150399718,11.1,+,.,ID=435899;Target,RIX_edaej_AC215611_0,LINE_unknown
439008,chr10,RepeatMasker,dispersed_repeat,150400052,150400123,25,-,.,ID=435900;Target,DTA_ZM00309_consensus_MITE,DTA
439009,chr10,RepeatMasker,dispersed_repeat,150400128,150400855,11.7,+,.,ID=435901;Target,feki_AC195127_4412_LTR,Copia
439010,chr10,RepeatMasker,dispersed_repeat,150400827,150402725,9.9,-,.,ID=435902;Target,homy_AC197914_5822_LTR,Copia
439011,chr10,RepeatMasker,dispersed_repeat,150402752,150405383,13.6,-,.,ID=435903;Target,homy_AC197914_5822_LTR,Copia
439012,chr10,RepeatMasker,dispersed_repeat,150405409,150405677,4.8,-,.,ID=435904;Target,hesa_AC204349_8207_LTR,Copia
439013,chr10,RepeatMasker,dispersed_repeat,150405774,150406366,31.4,-,.,ID=435905;Target,RIL_etiti_AC211734_0_LINE,L1
439014,chr10,RepeatMasker,dispersed_repeat,150405909,150406410,32.4,-,.,ID=435906;Target,RIL_jikeuf_AC211152_0_LINE,L1
439015,chr10,RepeatMasker,dispersed_repeat,150406112,150406533,37.4,-,.,ID=435907;Target,RIX_ekeje_AC197537_0,LINE_unknown
439016,chr10,RepeatMasker,dispersed_repeat,150406559,150406968,30,+,.,ID=435908;Target,RIL_jikeuf_AC211152_0_LINE,L1
439017,chr10,RepeatMasker,dispersed_repeat,150407067,150407187,21.1,+,.,ID=435909;Target,RIL_afeda_AC208414_0_LINE,L1
439018,chr10,RepeatMasker,dispersed_repeat,150407123,150407187,21.9,+,.,ID=435910;Target,RIL_etiti_AC211734_0_LINE,L1
439019,chr10,RepeatMasker,dispersed_repeat,150407690,150407723,12.8,+,.,ID=435911;Target,(ATTTAAA)n,Simple Repeat
439020,chr10,RepeatMasker,dispersed_repeat,150407850,150408167,13.6,-,.,ID=435912;Target,DTH_ZM00202_consensus_MITE,DTH
439021,chr10,RepeatMasker,dispersed_repeat,150408142,150408234,22.8,-,.,ID=435913;Target,tisy_AC193518_123_LTR,Copia
439022,chr10,RepeatMasker,dispersed_repeat,150408168,150408233,4.6,-,.,ID=435914;Target,fehod_AC184774_851_LTR,Copia
439023,chr10,RepeatMasker,dispersed_repeat,150408243,150408764,17.5,-,.,ID=435915;Target,dugiab_AC207724_9683_LTR,Copia
439024,chr10,RepeatMasker,dispersed_repeat,150409761,150410903,19.5,+,.,ID=435916;Target,prem1_AC200105_6751_LTR,Gypsy
439025,chr10,RepeatMasker,dispersed_repeat,150409886,150412078,18.1,+,.,ID=435917;Target,prem1_AC206253_9147_LTR,Gypsy
439026,chr10,RepeatMasker,dispersed_repeat,150412017,150412847,18.5,-,.,ID=435918;Target,odoj_AC194387_4072,LTR_unknown
439027,chr10,RepeatMasker,dispersed_repeat,150412773,150412867,16.8,+,.,ID=435919;Target,prem1_AC206253_9147_LTR,Gypsy
439028,chr10,RepeatMasker,dispersed_repeat,150412826,150413352,17.5,-,.,ID=435920;Target,dugiab_AC207724_9683_LTR,Copia
439029,chr10,RepeatMasker,dispersed_repeat,150414344,150414802,26.8,-,.,ID=435921;Target,dugiab_AC207724_9683_LTR,Copia
439030,chr10,RepeatMasker,dispersed_repeat,150414398,150416204,19.3,+,.,ID=435922;Target,prem1_AC196065_4927_LTR,Gypsy
439031,chr10,RepeatMasker,dispersed_repeat,150416197,150416368,16.9,+,.,ID=435923;Target,ebel_AC210216_10670_LTR,Copia
439032,chr10,RepeatMasker,dispersed_repeat,150416256,150416393,20.5,+,.,ID=435924;Target,ebel_AC188777_2128_LTR,Copia
439033,chr10,RepeatMasker,dispersed_repeat,150416364,150416789,14.5,+,.,ID=435925;Target,ebel_AC210216_10670_LTR,Copia
439034,chr10,RepeatMasker,dispersed_repeat,150416791,150417992,28,-,.,ID=435926;Target,fehod_AC184774_851_LTR,Copia
439035,chr10,RepeatMasker,dispersed_repeat,150417991,150418096,23.3,-,.,ID=435927;Target,RIL_afeda_AC208414_0_LINE,L1
439036,chr10,RepeatMasker,dispersed_repeat,150417993,150418064,14.2,-,.,ID=435928;Target,RIL_nugimu_AC203843_0_LINE,L1
439037,chr10,RepeatMasker,dispersed_repeat,150417993,150418039,8.5,-,.,ID=435929;Target,RIL_ejoet_AC212216_0_LINE,L1
439038,chr10,RepeatMasker,dispersed_repeat,150418204,150418676,33.5,-,.,ID=435930;Target,RIL_koajav_AC205853_0_LINE,L1
439039,chr10,RepeatMasker,dispersed_repeat,150418323,150418723,32.4,-,.,ID=435931;Target,RIL_etiti_AC211734_0_LINE,L1
439040,chr10,RepeatMasker,dispersed_repeat,150418720,150419873,31.9,-,.,ID=435932;Target,fehod_AC184774_851_LTR,Copia
439041,chr10,RepeatMasker,dispersed_repeat,150420167,150420868,28.5,+,.,ID=435933;Target,bosohe_AC185471_1125_LTR,Gypsy
439042,chr10,RepeatMasker,dispersed_repeat,150420965,150421389,30.1,-,.,ID=435934;Target,fehod_AC184774_851_LTR,Copia
439043,chr10,RepeatMasker,dispersed_repeat,150421392,150421486,12.6,-,.,ID=435935;Target,hiimam_AC207734_9687,LTR_unknown
439044,chr10,RepeatMasker,dispersed_repeat,150421487,150421689,10.3,-,.,ID=435936;Target,hiimam_AC207734_9687,LTR_unknown
439045,chr10,RepeatMasker,dispersed_repeat,150421690,150421845,31.5,-,.,ID=435937;Target,kuvi_AC207807_9734_LTR,Copia
439046,chr10,RepeatMasker,dispersed_repeat,150421699,150421830,26.5,-,.,ID=435938;Target,fehod_AC184774_851_LTR,Copia
439047,chr10,RepeatMasker,dispersed_repeat,150421927,150421948,0,+,.,ID=435939;Target,(CAG)n,Simple Repeat
439048,chr10,RepeatMasker,dispersed_repeat,150422105,150422819,27.1,-,.,ID=435940;Target,fehod_AC184774_851_LTR,Copia
439049,chr10,RepeatMasker,dispersed_repeat,150422811,150422895,20.2,-,.,ID=435941;Target,RIL_pyelum_AC203928_0_LINE,L1
439050,chr10,RepeatMasker,dispersed_repeat,150422902,150423173,24.3,-,.,ID=435942;Target,fehod_AC184774_851_LTR,Copia
439051,chr10,RepeatMasker,dispersed_repeat,150423082,150423250,25.4,-,.,ID=435943;Target,kuvi_AC207807_9734_LTR,Copia
439052,chr10,RepeatMasker,dispersed_repeat,150423200,150423390,22,-,.,ID=435944;Target,fehod_AC184774_851_LTR,Copia
439053,chr10,RepeatMasker,dispersed_repeat,150423731,150423809,13.1,-,.,ID=435945;Target,hiimam_AC207734_9687,LTR_unknown
439054,chr10,RepeatMasker,dispersed_repeat,150423754,150424019,22.4,-,.,ID=435946;Target,RIL_nugimu_AC203843_0_LINE,L1
439055,chr10,RepeatMasker,dispersed_repeat,150423985,150424165,30.9,-,.,ID=435947;Target,janoov_AC209690_10294_LTR,Copia
439056,chr10,RepeatMasker,dispersed_repeat,150424009,150424616,34.3,-,.,ID=435948;Target,kuvi_AC207807_9734_LTR,Copia
439057,chr10,RepeatMasker,dispersed_repeat,150424016,150424516,31.3,-,.,ID=435949;Target,fehod_AC184774_851_LTR,Copia
439058,chr10,RepeatMasker,dispersed_repeat,150424639,150424767,29.9,-,.,ID=435950;Target,kuvi_AC207313_9512_LTR,Copia
439059,chr10,RepeatMasker,dispersed_repeat,150424680,150425463,32.3,-,.,ID=435951;Target,fehod_AC184774_851_LTR,Copia
439060,chr10,RepeatMasker,dispersed_repeat,150424976,150425681,27.7,-,.,ID=435952;Target,kuvi_AC207807_9734_LTR,Copia
439061,chr10,RepeatMasker,dispersed_repeat,150425692,150426133,32.4,-,.,ID=435953;Target,fehod_AC184774_851_LTR,Copia
439062,chr10,RepeatMasker,dispersed_repeat,150426136,150426211,7.9,-,.,ID=435954;Target,hiimam_AC207734_9687,LTR_unknown
439063,chr10,RepeatMasker,dispersed_repeat,150426212,150431111,0.7,+,.,ID=435955;Target,homy_AC197914_5822_LTR,Copia
439064,chr10,RepeatMasker,dispersed_repeat,150431136,150431323,12.2,-,.,ID=435956;Target,hiimam_AC207734_9687,LTR_unknown
439065,chr10,RepeatMasker,dispersed_repeat,150431326,150435428,10.2,+,.,ID=435957;Target,anar_AC206985_9422_LTR,Copia
439066,chr10,RepeatMasker,dispersed_repeat,150435463,150435566,22.1,-,.,ID=435958;Target,fehod_AC184774_851_LTR,Copia
439067,chr10,RepeatMasker,dispersed_repeat,150435554,150436486,30.5,+,.,ID=435959;Target,RIX_ekeje_AC197537_0,LINE_unknown
439068,chr10,RepeatMasker,dispersed_repeat,150436577,150436639,28.3,+,.,ID=435960;Target,(AATA)n,Simple Repeat
439069,chr10,RepeatMasker,dispersed_repeat,150436819,150437166,27.5,-,.,ID=435961;Target,janoov_AC209690_10294_LTR,Copia
439070,chr10,RepeatMasker,dispersed_repeat,150436925,150437165,22.3,-,.,ID=435962;Target,lusi_AC198175_5903_LTR,Copia
439071,chr10,RepeatMasker,dispersed_repeat,150437167,150445959,8.3,+,.,ID=435963;Target,chr6_P_87978263_LTR,Copia
439072,chr10,RepeatMasker,dispersed_repeat,150441330,150446609,7.2,+,.,ID=435964;Target,chr9_D_32444039_LTR,Copia
439073,chr10,RepeatMasker,dispersed_repeat,150446606,150446809,27.9,-,.,ID=435965;Target,lusi_AC198175_5903_LTR,Copia
439074,chr10,RepeatMasker,dispersed_repeat,150446806,150446917,24.3,-,.,ID=435966;Target,RIL_pyelum_AC203928_0_LINE,L1
439075,chr10,RepeatMasker,dispersed_repeat,150447091,150447459,36.4,-,.,ID=435967;Target,RIL_loneok_AC193379_0_LINE,L1
439076,chr10,RepeatMasker,dispersed_repeat,150447267,150448060,38,-,.,ID=435968;Target,RIL_pyelum_AC203928_0_LINE,L1
439077,chr10,RepeatMasker,dispersed_repeat,150448062,150448350,26.7,-,.,ID=435969;Target,hera_AC214536_12775_LTR,Copia
439078,chr10,RepeatMasker,dispersed_repeat,150448063,150448398,27.9,-,.,ID=435970;Target,janoov_AC209690_10294_LTR,Copia
439079,chr10,RepeatMasker,dispersed_repeat,150448355,150448564,20.5,-,.,ID=435971;Target,lusi_AC198175_5903_LTR,Copia
439080,chr10,RepeatMasker,dispersed_repeat,150448579,150448781,28.4,+,.,ID=435972;Target,RIL_jikeuf_AC211152_0_LINE,L1
439081,chr10,RepeatMasker,dispersed_repeat,150448579,150448742,30.1,+,.,ID=435973;Target,RIX_ekeje_AC197537_0,LINE_unknown
439082,chr10,RepeatMasker,dispersed_repeat,150448602,150448940,32.7,+,.,ID=435974;Target,RIL_loneok_AC193379_0_LINE,L1
439083,chr10,RepeatMasker,dispersed_repeat,150448940,150449242,28.4,-,.,ID=435975;Target,homy_AC197914_5822_LTR,Copia
439084,chr10,RepeatMasker,dispersed_repeat,150450066,150450654,33.1,-,.,ID=435976;Target,hera_AC214536_12775_LTR,Copia
439085,chr10,RepeatMasker,dispersed_repeat,150450072,150450946,35.6,-,.,ID=435977;Target,lusi_AC198175_5903_LTR,Copia
439086,chr10,RepeatMasker,dispersed_repeat,150451103,150451159,22.3,+,.,ID=435978;Target,(TAAA)n,Simple Repeat
439087,chr10,RepeatMasker,dispersed_repeat,150451330,150451526,22.5,+,.,ID=435979;Target,totu_AC194464_4142_LTR,Copia
439088,chr10,RepeatMasker,dispersed_repeat,150451654,150452172,4.4,+,.,ID=435980;Target,DTA_ZM00295_consensus_MITE,DTA
439089,chr10,RepeatMasker,dispersed_repeat,150452940,150453178,22.6,+,.,ID=435981;Target,totu_AC194464_4142_LTR,Copia
439090,chr10,RepeatMasker,dispersed_repeat,150453094,150453189,15,-,.,ID=435982;Target,jelat_AC194217_3960_LTR,Copia
439091,chr10,RepeatMasker,dispersed_repeat,150453173,150454175,23.3,+,.,ID=435983;Target,totu_AC194464_4142_LTR,Copia
439092,chr10,RepeatMasker,dispersed_repeat,150454172,150454343,22.1,+,.,ID=435984;Target,pute_AC197188_5467_LTR,Copia
439093,chr10,RepeatMasker,dispersed_repeat,150454204,150454920,27.9,+,.,ID=435985;Target,small_AC217574_13522_LTR,Copia
439094,chr10,RepeatMasker,dispersed_repeat,150454339,150454920,21.5,+,.,ID=435986;Target,pute_AC197188_5467_LTR,Copia
439095,chr10,RepeatMasker,dispersed_repeat,150454920,150455018,15.3,+,.,ID=435987;Target,victim_AC183319_577_LTR,Copia
439096,chr10,RepeatMasker,dispersed_repeat,150455015,150455437,26.6,+,.,ID=435988;Target,kameer_AC194009_3819_LTR,Copia
439097,chr10,RepeatMasker,dispersed_repeat,150455015,150455337,22.7,+,.,ID=435989;Target,victim_AC182414_456_LTR,Copia
439098,chr10,RepeatMasker,dispersed_repeat,150455015,150455287,20.9,+,.,ID=435990;Target,victim_AC183319_577_LTR,Copia
439099,chr10,RepeatMasker,dispersed_repeat,150455843,150455965,34.4,+,.,ID=435991;Target,dady_AC210684_10809_LTR,Gypsy
439100,chr10,RepeatMasker,dispersed_repeat,150455864,150456634,23.9,+,.,ID=435992;Target,weaniv_AC196414_5097_LTR,Gypsy
439101,chr10,RepeatMasker,dispersed_repeat,150456693,150456799,14,+,.,ID=435993;Target,kameer_AC194009_3819_LTR,Copia
439102,chr10,RepeatMasker,dispersed_repeat,150457168,150457196,19.6,+,.,ID=435994;Target,(ATTA)n,Simple Repeat
439103,chr10,RepeatMasker,dispersed_repeat,150457337,150457455,22.2,+,.,ID=435995;Target,DTH_ZM00226_consensus_MITE,DTH
747631,chr10,.,five_prime_UTR,150457787,150457939,.,-,.,ID=g5491.t1.utr5p1,NA,
747632,chr10,.,exon,150457754,150457939,.,-,.,ID=g5491.t1.exon1,NA,
747634,chr10,.,exon,150455530,150455580,.,-,.,ID=g5491.t1.exon2,NA,
747636,chr10,.,exon,150451006,150451099,.,-,.,ID=g5491.t1.exon3,NA,
747638,chr10,.,exon,150436676,150436806,.,-,.,ID=g5491.t1.exon4,NA,
747640,chr10,.,exon,150436495,150436566,.,-,.,ID=g5491.t1.exon5,NA,
747642,chr10,.,exon,150423580,150423645,.,-,.,ID=g5491.t1.exon6,NA,
747644,chr10,.,exon,150423429,150423512,.,-,.,ID=g5491.t1.exon7,NA,
747646,chr10,.,exon,150407556,150407685,.,-,.,ID=g5491.t1.exon8,NA,
747648,chr10,.,exon,150407344,150407453,.,-,.,ID=g5491.t1.exon9,NA,
747650,chr10,.,exon,150397829,150397987,.,-,.,ID=g5491.t1.exon10,NA,
747652,chr10,.,exon,150397622,150397758,.,-,.,ID=g5491.t1.exon11,NA,
747654,chr10,.,exon,150391292,150391373,.,-,.,ID=g5491.t1.exon12,NA,
747656,chr10,.,exon,150391107,150391196,.,-,.,ID=g5491.t1.exon13,NA,
747658,chr10,.,exon,150379266,150379370,.,-,.,ID=g5491.t1.exon14,NA,
747660,chr10,.,exon,150379062,150379181,.,-,.,ID=g5491.t1.exon15,NA,
747662,chr10,.,exon,150369012,150369081,.,-,.,ID=g5491.t1.exon16,NA,
747664,chr10,.,exon,150368859,150368904,.,-,.,ID=g5491.t1.exon17,NA,
747666,chr10,.,exon,150358696,150358761,.,-,.,ID=g5491.t1.exon18,NA,
747668,chr10,.,exon,150358418,150358619,.,-,.,ID=g5491.t1.exon19,NA,
747670,chr10,.,three_prime_UTR,150358418,150358597,.,-,.,ID=g5491.t1.utr3p1,NA,